1., 트렌드 코리아 2023 ,19，000,김난도， 전미영， 최지혜， 이수진， 권정윤， 이준영， 이향은， 한다혜， 이혜원， 추예린
2., 아버지의 해방일지  ,15，000,정지아
3., 이토록 평범한 미래  ,14，000,김연수
4., 단순한 열정 (무선) ㅣ 문학동네 세계문학전집 99 ,10，000,아니 에르노
5., 세상에서 가장 쉬운 본질육아 ,18，800,지나영
6., 헤어질 결심 스토리보드북  ,33，000,이윤호， 박찬욱
7., 불편한 편의점 2 ,14，000,김호연
8., 역행자 ,17，500,자청
9., 물고기는 존재하지 않는다 (리커버 특별판， 양장) ,17，000,룰루 밀러
10., 하얼빈  ,16，000,김훈
11., 총 균 쇠 (리커버 특별판) ,28，000,재레드 다이아몬드
12., 올리버쌤의 미국식 아이 영어 습관 365 ,23，000,올리버 샨 그랜트
13., 가녀장의 시대  ,15，000,이슬아
14., 불편한 편의점 (40만부 기념 벚꽃 에디션) ,14，000,김호연
15., 작은 땅의 야수들 ,18，000,김주혜
16., 세월 ㅣ 아니 에르노 컬렉션  ,15，500,아니 에르노
17., 아름다운 초저녁달 4 ,6，000,야마모리 미카
18., 파친코 1 ,15，800,이민진
19., 흔한남매의 흔한 호기심 7 ㅣ 흔한남매  ,14，000,안치현
20., 파친코 2 ,15，800,이민진
21., 나는 오래된 거리처럼 너를 사랑하고 ㅣ 문학과지성 시인선 572  ,12，000,진은영
22., 2023 써니 행정법총론 기출문제집 - 전2권 ,42，000,박준철
23., 쇼타 형아 2 ,6，500,나카야마 미유키
24., 이 책은 돈 버는 법에 관한 이야기 ,16，800,고명환
25., 사람을 얻는 지혜 ,13，800,발타자르 그라시안
26., 마지막 이야기 전달자  ,18，000,도나 바르바 이게라
27., 잘될 수밖에 없는 너에게 ,16，000,최서영
28., 2022 김승옥문학상 수상작품집  ,10，000,편혜영， 김연수， 김애란， 정한아， 문지혁， 백수린
29., 그 길로 갈 바엔 ㅣ 젊은 만화가 테마단편집 2  ,15，000,재활용， 약국， 서글， 각종모에화， 하양지
30., 그리고 행복하다는 소식을 들었습니다 ,15，800,이병률
31., 마음세탁소 ,15，000,황웅근
32., 부자 아빠 가난한 아빠 1 (20주년 특별 기념판)  ,15，800,로버트 기요사키
33., ETS 토익 정기시험 기출문제집 1000 Vol. 3 Reading (리딩) ㅣ ETS 토익 정기시험 기출문제집  ,17，800,ETS
34., 2022 큰별쌤 최태성의 별★별한국사 기출 500제 한국사능력검정시험 심화 (1.2.3급) ㅣ 큰별쌤 최태성의 별★별한국사 한국사능력검정시험 시리즈  ,19，500,최태성
35., 빠르게 실패하기 ,16，500,존 크럼볼츠， 라이언 바비노
36., 헤어질 결심 각본 ,15，000,박찬욱， 정서경
37., ETS 토익 정기시험 기출문제집 1000 Vol. 3 Listening (리스닝) ㅣ ETS 토익 정기시험 기출문제집  ,17，800,ETS
38., 도쿄 에일리언즈 4 (초판 한정 홀로그램 양면 일러스트 카드 + 선착순 한정 아크릴 일러스트 카드 포함 특장판) ,5，000,NAOE
39., 원씽 The One Thing (리커버 특별판)  ,14，000,게리 켈러， 제이 파파산
40., 10배의 법칙  ,16，800,그랜트 카돈
41., 빈 옷장 ㅣ 아니 에르노 컬렉션  ,14，500,아니 에르노
42., 퀀트 투자 무작정 따라하기 ㅣ 무작정 따라하기 경제경영/재테크  ,25，000,강환국
43., 책과 우연들 ,16，000,김초엽
44., 마흔에 읽는 니체 ,16，000,장재형
45., 과학이 필요한 시간 ,16，000,궤도
46., 해커스 토익 기출 보카 TOEIC VOCA 단어장 ,12，900,David Cho
47., 길티 이노센스 5 ,6，000,윤한
48., 그릿 GRIT (100쇄 기념 리커버 에디션)  ,16，000,앤절라 더크워스
49., 사랑은 그렇게 하는 것이 아니다 ,16，500,김달
50., 세상의 마지막 기차역 ,14，000,무라세 다케시
51., 비전 : 「빛」，「색」，「구성」으로 스토리를 전한다!  ,47，000,한스 P. 바커， 사나탄 수리아반쉬
52., 언어를 디자인하라 ,17，000,유영만， 박용후
53., SQL 자격검정 실전문제 ,18，000,한국데이터산업진흥원
54., 긴긴밤 ㅣ 보름달문고 83  ,11，500,루리
55., 아주 오랜만에 행복하다는 느낌 ㅣ 에세이&  ,14，000,백수린
56., 데일 카네기 인간관계론 ,11，500,데일 카네기
57., 너무 잘하려고 애쓰지 마라 ,14，000,나태주
58., 나는 독일인입니다  ,22，000,노라 크루크
59., 레버리지 (양장) ,16，000,롭 무어
60., 나의 아름다운 할머니 ,13，000,심윤경
61., 설민석의 삼국지 대모험 9 ㅣ 설민석의 삼국지 대모험 9 ,11，000,단꿈아이
62., 2022 큰별쌤 최태성의 별★별한국사 한국사능력검정시험 심화(1， 2， 3급) 하 ㅣ 큰별쌤 최태성의 별★별한국사 한국사능력검정시험 시리즈  ,14，500,최태성
64., 체인소 맨 1 ,6，000,후지모토 타츠키
65., 2022 큰별쌤 최태성의 별★별한국사 한국사능력검정시험 심화(1， 2， 3급) 상 ㅣ 큰별쌤 최태성의 별★별한국사 한국사능력검정시험 시리즈  ,15，000,최태성
66., 딥 타임 ,17，000,크리스티앙 클로
67., 슬픔이 택배로 왔다 ㅣ 창비시선 482  ,11，000,정호승
68., 오늘도 한 걸음 ,20，000,지수
69., 오즈의 마법사 ㅣ 비룡소 클래식 29 ,12，000,라이먼 프랭크 바움
70., 당신은 사건 현장에 있습니다 ,28，000,모데스토 가르시아
71., 해리 포터와 불사조 기사단 (일러스트 에디션) ㅣ 해리 포터 일러스트 에디션  ,55，000,J.K. 롤링
72., 사건 ㅣ 쏜살 문고  ,10，800,아니 에르노
73., 체인소 맨 2 ,6，000,후지모토 타츠키
74., 해커스 GSAT 삼성직무적성검사 FINAL 봉투모의고사 4회분 (수리논리/추리) ,14，900,해커스 취업교육연구소
75., 부끄러움 ㅣ 비채 모던 앤 클래식 문학 Modern & Classic  ,12，500,아니 에르노
76., 체인소 맨 3 ,6，000,후지모토 타츠키
77., 돈의 속성 (200쇄 리커버 에디션， 양장)  ,17，800,김승호
78., 김영하 소설 결정판 박스 세트 2차분 - 전6권 ㅣ 복복서가 x 김영하 소설   ,73，000,김영하
79., 부의 추월차선 (10주년 스페셜 에디션) ,17，500,엠제이 드마코
80., 문장과 순간 ,18，000,박웅현
81., 어서 오세요， 이야기 수학 클럽에 ,16，000,김민형
82., 거의 모든 행동 표현의 영어 ,16，000,서영조
83., 이국에서  ,16，000,이승우
84., 에그박사의 채집 일기 3 ㅣ 에그박사의 채집 일기 3 ,13，500,에그박사
85., 원펀맨 One Punch Man 26 ,5，500,ONE
86., 비상선언 각본집 ,27，500,한재림
87., 체인소 맨 4 ,6，000,후지모토 타츠키
88., 아무튼， 사전 ㅣ 아무튼 시리즈 52 ,12，000,홍한별
89., 어느 날 공주가 되어버렸다 8 (일반판) ,15，000,스푼
90., 데미안 (오리지널 초판본 표지디자인) ㅣ 코너스톤 착한 고전 시리즈   ,3，300(56%정가인하),헤르만 헤세
91., 어느 날 공주가 되어버렸다 9 (일반판) ,15，000,스푼
92., 체인소 맨 5 ,6，000,후지모토 타츠키
93., 외사랑 ,17，800,히가시노 게이고
94., 체인소 맨 10 ,6，000,후지모토 타츠키
95., 나의 투자는 새벽 4시에 시작된다 ,19，800,유목민
96., 체인소 맨 11 ,6，000,후지모토 타츠키
97., 위풍당당 여우 꼬리 3 ㅣ 위풍당당 여우 꼬리 3 ,13，000,손원평
98., 월급쟁이 부자로 은퇴하라 (10만 부 돌파 기념 증보판)  ,19，800,너나위
99., 위대한 과학 고전 30권을 1권으로 읽는 책 ,17，800,김성근
100., 데일 카네기 자기관리론 ,11，500,데일 카네기
101., 다니엘 핑크 후회의 재발견 ,18，000,다니엘 핑크
102., 푸른 사자 와니니 4 ㅣ 창비아동문고 325 ,12，000,이현
103., 우리는 어디서 살아야 하는가 ,18，000,김시덕
104., 체인소 맨 9 ,6，000,후지모토 타츠키
105., 2022 하반기 에듀윌 취업 온라인 GSAT 삼성직무적성검사 실전 봉투모의고사 10회 ,18，000,에듀윌 취업연구소
106., 365일 명화 일력 (윈터 에디션 한정판) (스프링) ,18，800,김영숙
107., 데미안 ㅣ 민음사 세계문학전집 44  ,8，000,헤르만 헤세
108., 백년 허리 2 : 치료편 ㅣ 백년 허리 2  ,18，500,정선근
109., 게으른 완벽주의자를 위한 심리학 ,17，000,헤이든 핀치
110., 설민석의 한국사 대모험 22 ㅣ 설민석의 한국사 대모험 22 ,13，000,설민석， 스토리박스
111., 내 일로 건너가는 법 ,16，800,김민철
112., 남자의 자리 ㅣ 아니 에르노 컬렉션  ,12，000,아니 에르노
113., 푸른 사자 와니니 5 ㅣ 창비아동문고 326 ,12，000,이현
114., 좋은 불평등 ,22，000,최병천
115., 나는 나의 밤을 떠나지 않는다 ㅣ 프랑스 여성작가 소설 1 ,12，000,아니 에르노
116., 비탈릭 부테린 지분증명 ,22，000,비탈릭 부테린
117., 숲속의 담 5 ,15，000,다홍
118., 밝은 밤  ,14，500,최은영
119., 진짜 쓰는 실무 엑셀 ㅣ 진짜 쓰는 시리즈  ,21，000,오빠두(전진권)
120., 대한민국 부동산 부의 역사 ,22，000,이상우， 유성운， 김용석
121., 체인소 맨 6 ,6，000,후지모토 타츠키
122., 체인소 맨 8 ,6，000,후지모토 타츠키
123., 체인소 맨 7 ,6，000,후지모토 타츠키
124., 부동산 하락장에서 살아남기 ,17，000,대치동 키즈
125., 2022 청소년상담사 2급ㆍ3급 2차 면접대비 ,27，000,문두식
126., 최소한의 이웃 ,15，800,허지웅
127., 저스트.킵.바잉 ,19，800,닉 매기울리
128., 참 괜찮은 태도 ,16，800,박지현
129., 식사만 바꿔도 젊어집니다 ,16，500,마키타 젠지
130., 어서 오세요， 휴남동 서점입니다 (여름 에디션) ,15，000,황보름
131., 오싹오싹 크레용! ㅣ 토토의 그림책  ,13，000,에런 레이놀즈
132., 이해찬 회고록 ,23，000,이해찬
133., 작별인사 (밤하늘 에디션)  ,14，000,김영하
134., 타이탄의 도구들 (블랙 에디션)  ,18，000,팀 페리스
135., 칵테일， 러브， 좀비 (리커버) ,10，000,조예은
136., 사로잡는 얼굴들 ,28，000,이사 레슈코
137., 사피엔스 ㅣ 인류 3부작 시리즈   ,22，000,유발 하라리
138., 체인소 맨 : 버디 스토리즈 ,7，000,히시카와 사카쿠
139., 최재천의 공부 ,16，500,최재천， 안희경
140., 오늘 밤， 세계에서 이 눈물이 사라진다 해도 ,14，000,이치조 미사키
141., 부의 인문학 (20만부 기념 개정증보판) ,17，000,우석(브라운스톤)
142., 부자의 자세 ,15，000,제이원
143., 공정하다는 착각  ,18，000,마이클 샌델
144., 돈， 뜨겁게 사랑하고 차갑게 다루어라 ㅣ 코스톨라니 투자총서 1  ,12，000,앙드레 코스톨라니
145., 부자의 그릇 ,15，000,이즈미 마사토
146., 사진의 용도 ㅣ 아니 에르노 컬렉션  ,14，000,아니 에르노， 마크 마리
147., 오은영의 화해 (리커버) ,16，000,오은영
148., 그리고 펌킨맨이 나타났다  ,13，000,유소정
149., 마이클 모부신 운과 실력의 성공 방정식 ,18，000,마이클 J. 모부신
150., 설민석의 그리스 로마 신화 대모험 1 ㅣ 설민석의 그리스 로마 신화 대모험 1 ,13，000,설민석， 남이담
151., 아주 작은 습관의 힘  ,16，000,제임스 클리어
152., 큰별쌤 최태성의 별★별한국사 시대별 기출문제집 한국사능력검정시험 심화(1，2，3급) ㅣ 큰별쌤 최태성의 별★별한국사 한국사능력검정시험 시리즈  ,18，000,최태성
153., 집착 ,11，000,아니 에르노
154., 엄마 어디 있지? ,15，000,박성우
155., 오늘 밤， 세계에서 이 사랑이 사라진다 해도 ,14，000,이치조 미사키
156., 야쿠자의 덕질 1 ㅣ S코믹스  ,6，000,야츠다 테키
157., 위로의 미술관  ,18，800,진병관
158., 흔한남매 수수께끼 어드벤처 1 ,14，000,흔한남매
159., 한국 교회 트렌드 2023 ,20，000,지용근， 김영수， 조성실， 정재영， 손의성， 전병철， 이기룡， 백광훈， 유미호， 김신권
160., 수학은 어떻게 문명을 만들었는가 ,22，000,마이클 브룩스
161., 탐닉 ,15，500,아니 에르노
162., 멘탈을 바꿔야 인생이 바뀐다 ,15，800,박세니
163., 어느 날， 내 죽음에 네가 들어왔다 ,15，000,세이카 료겐
164., 진정한 장소 ㅣ 아니 에르노 컬렉션  ,13，000,아니 에르노， 미셸 포르트
165., 그 여름의 끝 ㅣ 문학과지성 시인선 86 ,12，000,이성복
166., 여우와 나 ,19，800,캐서린 레이븐
167., 돈의 심리학  ,19，800,모건 하우절
168., 다정한 것이 살아남는다  ,22，000,브라이언 헤어， 버네사 우즈
169., 클루지  ,13，800,개리 마커스
170., 설민석의 세계사 대모험 14 ㅣ 설민석의 세계사 대모험 14 ,13，000,설민석， 김정욱
171., 역설계 ,17，800,론 프리드먼
172., 데이터는 어떻게 인생의 무기가 되는가 ,18，800,세스 스티븐스 다비도위츠
173., 지구 끝의 온실 (여름 에디션) ,15，000,김초엽
174., 내가 알고 있는 걸 당신도 알게 된다면 (리커버 에디션) ,17，000,칼 필레머
175., 백년 허리 1 : 진단편 ㅣ 백년 허리 1  ,18，500,정선근
176., 넛지 : 파이널 에디션  ,22，000,리처드 H. 탈러， 캐스 R. 선스타인
177., 2022 하반기 에듀윌 취업 온라인 SKCT SK그룹 종합역량검사 통합 기본서 최신기출유형 + 실전모의고사 4회 + 심층검사 ,23，000,에듀윌 취업연구소
178., 엄마의 말 연습 ,17，500,윤지영
179., 다정한 서술자 ,15，000,올가 토카르추크
180., 타오르는 질문들 ,32，000,마거릿 애트우드
181., 고깔모자의 아틀리에 10 ,6，000,시라하마 카모메
182., 트로피컬 나이트  ,15，000,조예은
183., 아라의 소설  ,15，000,정세랑
184., 협력의 유전자 ,22，000,니컬라 라이하니
185., 코스모스 ,19，900,칼 세이건
186., 흔한남매 11 ㅣ 흔한남매 11 ,14，500,흔한남매
187., 당신의 뇌는 최적화를 원한다 ,15，000,가바사와 시온
188., 종이 동물원 ,15，800,켄 리우
189., 이기적 유전자  ,20，000,리처드 도킨스
190., 얼굴만으론 좋아할 수 없어요 5 ,5，500,안자이 카린
191., 퇴근길의 마음 ,16，500,이다혜
192., 소설 보다 : 가을 2022 ㅣ 소설 보다   ,3，500,김기태， 위수정， 이서수
193., 어린이를 위한 역사의 쓸모 2 ㅣ 어린이를 위한 역사의 쓸모 2 ,15，000,최태성
194., 영어 감정 표현 사전 ,27，000,샘 노리스
195., 팔견전 15 ㅣ S코믹스  ,5，000,아베 미유키
196., 바니타스의 수기 10 (특별 소책자 포함 특장판) ,12，000,모치즈키 준
197., 누구에게도 상처받을 필요는 없다 ,14，000,지민석
198., 비상식적 성공 법칙 ㅣ 리어웨이크 시리즈 2 ,17，000,간다 마사노리
199., 내가 행복한 이유 ㅣ 워프 시리즈 1 ,18，500,그렉 이건
200., 털실타래 Vol.1 (2022년 가을호)  ,22，000,일본보그사
201., 자연스러운 인체 드로잉 ㅣ Collect 16 ,23，500,소은 박경선
202., 내세에는 남남이 좋겠어 6 ㅣ S코믹스  ,5，000,코니시 아스카
203., 가부키초 배드 트립 2 ,6，000,나기사 에이지
204., ADHD 우리 아이 어떻게 키워야 할까 ,18，000,신윤미
205., 어린이를 위한 역사의 쓸모 1 ㅣ 어린이를 위한 역사의 쓸모 1  ,15，000,최태성
206., 오버로드 15 ,12，000,마루야마 쿠가네
207., 욕망의 진화 ,22，000,데이비드 M. 버스
208., 2022.2023 큰별쌤 최태성의 별★별한국사 7일의 기적 한국사능력검정시험 심화(1.2.3급) ㅣ 큰별쌤 최태성의 별★별한국사 한국사능력검정시험 시리즈  ,15，500,최태성
209., 일본어 무작정 따라하기 완전판 ㅣ 무작정 따라하기 일본어  ,26，000,후지이 아사리
210., 나는 당신이 행복했으면 좋겠습니다 ,13，800,박찬위
211., 테라피스트 ,16，000,B. A. 패리스
212., 햇빛초 대나무 숲에 새 글이 올라왔습니다 ㅣ 우리학교 상상 도서관  ,12，000,황지영
213., 바로 쓰는 영어 ,18，000,셀리
214., 올드패션 베이킹북 ,28，000,이수정
215., 2022 ADsP 데이터 분석 준전문가 ,28，000,윤종식
216., 2022 해커스 GSAT 삼성직무적성검사 통합 기본서 최신기출유형 + 실전모의고사 (수리논리/추리) ,22，900,해커스 취업교육연구소
217., 동물들의 위대한 법정 ,14，500,장 뤽 포르케
218., 비밀의 보석 가게 마석관 3 ㅣ 비밀의 보석 가게 마석관 3 ,13，000,히로시마 레이코
219., 잃어버린 게놈을 찾아서  ,18，000,스반테 페보
220., 뉴필로소퍼 2022 20호 ㅣ 뉴필로소퍼 NewPhilosopher 20  ,15，000,뉴필로소퍼 편집부
221., 튜브  ,15，000,손원평
222., 흑뢰성 ,16，800,요네자와 호노부
223., 커픽처스 커피 레시피 101  ,20，000,김현석
224., 2023 유휘운 행정법총론 진도별 기출문제집(진출) - 전2권 ,46，000,유휘운
225., 현재 삶으로 돌아오다 ,13，000,임순희
226., 2023 써니 행정법총론 소방 기출문제집 - 전2권 ,40，000,박준철
227., 기분을 관리하면 인생이 관리된다 ,17，600,김다슬
228., 세계미래보고서 2023 : 메가 크라이시스 이후 새로운 부의 기회 ,18，000,박영숙， 제롬 글렌
229., 세계를 건너 너에게 갈게 ㅣ 문학동네 청소년 39 ,11，500,이꽃님
230., 믹스 MIX ,18，800,안성은(Brand Boy)
231., 초역 니체의 말 ㅣ 초역 시리즈  ,15，800,프리드리히 니체
232., 난중일기 ,15，000,이순신
233., 인간 실격 ㅣ 민음사 세계문학전집 103 ,9，000,다자이 오사무
234., 기브앤테이크 Give and Take  ,17，500,애덤 그랜트
235., 마법천자문 54 ㅣ 손오공의 한자 대탐험 마법천자문 54 ,14，000,유대영
236., 채사장의 지대넓얕 4 : 보이지 않는 손 ㅣ 생각을 넓혀 주는 어린이 교양 도서  ,15，000,채사장， 마케마케
237., 어떻게 말해줘야 할까 (60만 부 기념 한정판 리커버) ,17，500,오은영
238., 이야기의 핵심 ,14，000,리비 호커
239., 투자에도 순서가 있다 ,18，000,홍춘욱
240., 미드나잇 라이브러리 (1주년 스페셜 에디션) ,15，800,매트 헤이그
241., 이어령의 마지막 수업 ,16，500,김지수
242., 기억 전달자 ㅣ 블루픽션 (비룡소 청소년 문학선) 20 ,12，000,로이스 로리
243., 대출의 마법 ,20，000,레오(김은진)
244., 영어의 마음을 읽는 법  ,22，000,김성우
245., 넘버스 스틱! ,17，000,칩 히스， 칼라 스타
246., 릿터 Littor 2022.10.11 ㅣ 릿터 Littor    ,13，000,릿터 편집부
247., 푸른 상자 5 ,6，000,미우라 코우지
248., 웰씽킹 WEALTHINKING (양장) ,16，000,켈리 최
249., 정의란 무엇인가  ,15，000,마이클 샌델
250., 지적 대화를 위한 넓고 얕은 지식 1 ㅣ 지적 대화를 위한 넓고 얕은 지식 (개정판) 1 ,16，000,채사장
251., 참을 수 없는 존재의 가벼움 ,15，000,밀란 쿤데라
252., 백년운동  ,19，500,정선근
253., 송사무장의 부동산 경매의 기술 ,16，000,송희창
254., 도올주역강해 ,39，000,김용옥
255., 딜레마 사전 ㅣ 작가들을 위한 사전 시리즈  ,22，000,안젤라 애커만， 베카 푸글리시
256., 예쁘게 말하는 네가 좋다 ,15，800,김범준
257., 3년 후 부의 흐름이 보이는 경제지표 정독법 ,18，500,김영익
258., 계속 가보겠습니다 ,18，000,임은정
259., 순례 주택 ㅣ 블루픽션 (비룡소 청소년 문학선) 81 ,13，000,유은실
260., 죽음의 수용소에서  ,9，800,빅터 프랭클
261., 존재의 세 가지 거짓말 (양장) ,22，000,아고타 크리스토프
262., 백 번 산 고양이 백꼬선생 1 ㅣ 우리학교 상상 도서관  ,13，000,정연철
263., 카사노바 호텔 ,13，500,아니 에르노
264., 내 멋대로 초능력 뽑기 ㅣ 내 멋대로 뽑기  ,12，500,최은옥
265., 내가 틀릴 수도 있습니다 ,16，000,비욘 나티코 린데블라드
266., 브라질에 비가 내리면 스타벅스 주식을 사라 ,18，000,피터 나바로
267., 뇌， 욕망의 비밀을 풀다  ,18，000,한스-게오르크 호이젤
268., 눈감지 마라 ㅣ 마음산책 짧은 소설   ,15，000,이기호
269., 수상한 지하실 ㅣ 북멘토 가치동화 48 ,13，000,박현숙
270., 클라우드 머니 ,19，000,브렛 스콧
271., 해커스 토익 RC 리딩 READING ㅣ 해커스 토익 기본서  ,18，800,David Cho
272., ETS 토익 기출 VOCA 출제기관 공식수험서 ,12，900,ETS
273., 명탐정 코난 101  ,5，500,아오야마 고쇼
274., 마음이 흐르는 대로 ,16，000,지나영
275., 그리스 로마 신화 30 : 기나긴 모험 그 끝의 이야기 ㅣ 만화로 읽는 초등 인문학  ,15，000,박시연
276., 괜찮아， 분명 다 잘될 거야! ,15，000,사이토 히토리
277., 사물의 소멸 ,15，800,한병철
278., 슬로우 미러클 영어 그림책 느리게 100권 읽기의 힘 ,29，800,고광윤
279., 말을 부수는 말 ,18，000,이라영
280., 스페이스 (논)픽션 ㅣ 온(on) 시리즈 1 ,17，000,정지돈
281., 세상 쉬운 영문법 ,19，800,윤여홍
282., 언러키 스타트업 ,15，000,정지음
283., 2023 올라 경찰실무종합 오함마 응용문제집 - 전2권 ㅣ 2023 올라 경찰승진 기출문제집  ,30，000,오현웅
284., 유럽 도시 기행 2 ㅣ 유럽 도시 기행 2 ,17，500,유시민
285., ETS 토익 단기 공략 750+ (LC + RC) ㅣ ETS 토익 단기 공략  ,18，000,ETS
286., 2022 하반기 해커스 GSAT 삼성직무적성검사 실전모의고사 8회분 (수리논리/추리) ,17，900,해커스 취업교육연구소
287., 30개 도시로 읽는 미국사 ㅣ 30개 도시로 읽는 시리즈  ,18，800,김봉중
288., 에코의 위대한 강연 ,28，000,움베르토 에코
289., 달러구트 꿈 백화점 2 (레인보우 에디션) ㅣ 달러구트 꿈 백화점  ,13，800,이미예
290., 이방인 ㅣ 민음사 세계문학전집 266 ,10，000,알베르 카뮈
291., 쇼타 형아 1 ,6，500,나카야마 미유키
292., 계절의 위로 ,15，500,서은
293., 혼자서 종이우산을 쓰고 가다 ,14，800,에쿠니 가오리
294., 한 여자 ,13，800,아니 에르노
295., 다이아몬드 에이스 ACT2 : 30 ,6，000,테라지마 유지
296., 시니맘의 오늘도 완밥 유아식 ,19，500,시니맘(박지혜)
297., 분노가 세상을 바꾼다 ,17，000,홍사훈
298., 시크릿 ,13，800,론다 번
299., 해커스 보카 (Hackers Vocabulary) ,16，900,David Cho
300., 우리가 빛의 속도로 갈 수 없다면  ,14，000,김초엽
301., 구의 증명 ㅣ 은행나무 노벨라 7  ,8，000,최진영
302., 서찰을 전하는 아이 ㅣ 푸른숲 역사 동화 1  ,12，000,한윤섭
303., 눈물 한 방울 ,15，800,이어령
304., 멘탈이 강해지는 연습 ,15，000,데이먼 자하리아데스
305., 도쿄 리벤저스 27 ,6，000,와쿠이 켄
306., 봇치·더·록! 1 ,8，000,하마지 아키
307., 빨리 하고 싶은 두 사람 1 ,6，000,쿠사카 아키
308., 2023 문동균 한국사 한 권으로 모든 것을 정리하는 빈칸노트 ,12，000,문동균
309., 2023 전한길 한국사 합격생 필기노트 (스프링) ,15，000,전한길
310., 발타자르 그라시안의 인생 수업 ㅣ 메이트북스 클래식 8 ,15，000,발타자르 그라시안
311., 2023 시나공 컴퓨터활용능력 1급 필기 ㅣ 2023 시나공 컴퓨터활용능력  ,32，000,길벗 R&D， 강윤석， 김용갑， 김우경， 김종일， 김선길
312., 부부 이상， 연인 미만. 1~2 합본판 ,12，000,카나마루 유키
313., 라이프 트렌드 2023 : 과시적 비소비 ,18，000,김용섭
314., 명화로 읽는 합스부르크 역사 ㅣ 역사가 흐르는 미술관 1  ,16，000,나카노 교코
315., 데뷔 못 하면 죽는 병 걸림 1부 초판 한정 굿즈박스 세트 ㅣ 데뷔 못 하면 죽는 병 걸림 1 ,95，000,백덕수
316., 아몬드 (반양장) ㅣ 창비청소년문학 78 ,10，000,손원평
317., 천 개의 파랑  ,14，000,천선란
318., 친구의 전설 ㅣ 웅진 모두의 그림책 42  ,14，000,이지은
319., 변화하는 세계 질서  ,38，000,레이 달리오
320., 마지막 몰입 ,16，800,짐 퀵
321., 포켓몬스터 썬&문 포켓몬 전국대도감 ,9，500,가와시마 준지
322., 도시인의 월든 ,16，800,박혜윤
323., 2022 하반기 렛유인 GSAT 삼성직무적성검사 FINAL 봉투모의고사 ,16，000,정지성， 주영훈， 렛유인연구소
324., 알쏭달쏭 캐치 티니핑 시즌3 스티커 색칠놀이 ,7，000,학산문화사 편집부
325., 감정 어휘 ,16，000,유선경
326., 월든 ,13，000,헨리 데이비드 소로
327., 경매 권리분석 이렇게 쉬웠어? ,18，000,박희철
328., 밥 프록터 부의 확신 ,16，000,밥 프록터
329., 쇳밥일지 ,14，500,천현우
330., 재수사 2  ,16，000,장강명
331., 도파민네이션 ,18，000,애나 렘키
332., 28시간에 끝내는 토익스피킹 스타트 ,17，900,황인기， 시원스쿨 어학연구소
333., 더우면 벗으면 되지 ,11，800,요시타케 신스케
334., 2022 하반기 고시넷 NCS 지역농협 6급 오픈봉투모의고사 ,22，000,고시넷 NCS 연구소
335., 위국일기 8 ,5，500,야마시타 토모코
336., 달러구트 꿈 백화점 1 (레인보우 에디션) ㅣ 달러구트 꿈 백화점  ,13，800,이미예
337., 체리새우 : 비밀글입니다 ㅣ 문학동네 청소년 42 ,11，500,황영미
338., 스파이 패밀리 9 ,6，000,엔도 타츠야
339., 경제금융용어 700선 ,8，000,한국은행
340., 어둠을 걷는 아이들 ㅣ 큰곰자리 66  ,16，000,크리스티나 순토르밧
341., 먼작귀 1 (그림책 포함 특별판) ,17，000,나가노
342., 감옥으로부터의 사색 ,18，000,신영복
343., 얼어붙은 여자 ,16，500,아니 에르노
344., 콩알탄의 러브 송 ,6，000,스즈마루 민타
345., 미움받을 용기 (반양장) ㅣ 미움받을 용기 1 ,14，900,기시미 이치로， 고가 후미타케
346., 어디로 가세요 펀자이씨? ㅣ 펀자이씨툰 1  ,16，000,엄유진
347., 2023 써니 행정법총론 (기출지문 암기 App 이용쿠폰 제공) - 전2권 ,49，000,박준철
348., 어른의 어휘 공부 ,17，500,신효원
349., 2023 전한길 한국사 3.0 기출문제집 - 전2권 ,38，000,전한길
350., 클로버 (양장)  ,14，000,나혜림
351., 2023 시나공 컴퓨터활용능력 1급 실기 ㅣ 2023 시나공 컴퓨터활용능력  ,40，000,길벗 R&D， 강윤석， 김우경， 김용갑， 김종일
352., 매일 만들어 먹고 싶은 식사샐러드 ㅣ 매일 만들어 먹고 싶은 레시피   ,16，600,남정석
353., 삼체 1~3 세트 - 전3권 (개정 양장본) ,59，000,류츠신
354., 행복한 엄마와 아빠 ,19，800,KJ 델안토니아
355., 죽이고 싶은 아이 ,12，500,이꽃님
356., 스파이 패밀리 2 ,6，000,엔도 타츠야
357., 스파이 패밀리 5 ,6，000,엔도 타츠야
358., 내가 죽기로 결심한 것은 1  ,16，000,YUJU
359., 스크루테이프의 편지 ,11，000,C. S. 루이스
360., 룩 백 ,6，000,후지모토 타츠키
361., 먼작귀 2 (그림책 포함 특별판) ,18，000,나가노
362., 부모의 말 ,16，800,김종원
363., 혼자 공부하는 컴퓨터 구조 + 운영체제 ,28，000,강민철
364., 2023 선재국어 기출실록 (해설 통합형) 세트 - 전4권 ㅣ 2023 선재국어  ,49，000,이선재
365., 52주의 뜨개 양말  ,29，800,레인
366., 꽃을 보듯 너를 본다 ㅣ J.H Classic 2 ,10，000,나태주
367., 스파이 패밀리 7 ,6，000,엔도 타츠야
368., 알고 있다는 착각 ,17，800,질리언 테트
369., 나의 히어로 아카데미아 35 ,6，000,호리코시 코헤이
370., 임신 출산 육아 대백과 (2022~2023년 개정판) ,19，500,삼성출판사 편집부
371., 읽으면서 바로 써먹는 어린이 수수께끼 : 공포 특급 ㅣ 맛있는 공부 49 ,13，000,한날
372., 가치 있는 삶 ,16，000,마리 루티
373., 미술관을 빌려드립니다 : 프랑스 편  ,19，500,이창용
374., 도서관의 대마법사 6 ㅣ S코믹스  ,6，000,이즈미 미츠
375., 빨리 하고 싶은 두 사람 2 ,6，000,쿠사카 아키
376., 스파이 패밀리 1 ,6，000,엔도 타츠야
377., 스파이 패밀리 6 ,6，000,엔도 타츠야
378., 삐뽀삐뽀 119 이유식 ㅣ 삐뽀삐뽀 시리즈  ,18，900,하정훈
379., 재수사 1  ,16，000,장강명
380., 파과  ,14，000,구병모
381., 나의 월급 독립 프로젝트 ,18，000,유목민
382., 신경 청소 혁명 ,14，000,구도 치아키
383., 새벽의 연화 37 ,6，000,미즈호 쿠사나기
384., 다정한 물리학 ,22，000,해리 클리프
385., 흔해빠진 직업으로 세계최강 12 ,8，200,시라코메 료
386., 멋쟁이 희극인 ,13，500,박지선
387., 토끼전 : 꾀주머니 배 속에 차고 계수나무에 간 달아 놓고 ㅣ 국어시간에 고전읽기 (휴머니스트) 8 ,13，000,장재화
388., 문제적 캐릭터 심리 사전 ,18，000,한민， 박성미， 유지현
389., 1984 ㅣ 민음사 세계문학전집 77 ,9，500,조지 오웰
390., 지리의 힘 ㅣ 지리의 힘 1  ,17，000,팀 마샬
391., 인플레이션에서 살아남기 ,18，800,오건영
392., 스파이 패밀리 8 ,6，000,엔도 타츠야
393., 생각에 관한 생각  ,25，000,대니얼 카너먼
394., 정리하는 뇌  ,22，000,대니얼 J. 레비틴
395., 세상 쉽고 맛있는 튼이 이유식  ,22，000,정주희
396., 내가 죽기로 결심한 것은 2  ,16，000,YUJU
397., 2022 단기 합격 해커스공기업 NCS 통합 기본서 직업기초능력평가 + 직무수행능력평가 ,22，900,윤종혁， 김소원， 김태형， 복지훈， 최수지， 김동민， 해커스 취업교육연구소
398., 우리 글 바로 쓰기 1 ㅣ 우리 글 바로 쓰기 1 ,16，000,이오덕
399., 2022 신용한 지방자치론 실전모의고사 ,10，000,신용한， SK100수험연구소
400., 무조건 수익 내는 부동산 실전 경매 ,20，000,나땅(이소라)
401., 삶의 격 ㅣ 일상인문학 3  ,16，000,파스칼 메르시어(페터 비에리)
402., 스파이 패밀리 4 ,6，000,엔도 타츠야
403., 저 별은 모두 당신을 위해 빛나고 있다 ,15，200,손힘찬(오가타 마리토)
404., 제로 투 원 (리커버)  ,16，000,피터 틸， 블레이크 매스터스
405., 인스타 브레인 ,15，000,안데르스 한센
406., 2023 문동균 한국사 한 권으로 모든 것을 정리하는 판서노트 ,14，000,문동균
407., 부동산 경매로 1년 만에 꼬마빌딩주 되다 ,18，000,김상준
408., 좋아하는 것을 발견하는 법 ㅣ 발견의 첫걸음 1 ,13，000,이다혜
409., 어른 공부 ,16，000,양순자
410., 이게 다 호르몬 때문이야 ,15，000,마쓰무라 게이코
411., 맹자 ㅣ 명역고전 시리즈  ,22，000,맹자
412., 비탄의 망령은 은퇴하고 싶다 8 ,11，000,츠키카게
413., 사회사상의 역사 ,33，000,사카모토 다쓰야
414., 거꾸로 읽는 세계사 ,17，500,유시민
415., 해커스 토익 LC 리스닝 LISTENING ㅣ 해커스 토익 기본서  ,18，800,David Cho
416., 원피스 102  ,5，500,오다 에이치로
417., 전설로 떠나는 월가의 영웅 ,26，000,피터 린치， 존 로스차일드
418., 지적 대화를 위한 넓고 얕은 지식 2 ㅣ 지적 대화를 위한 넓고 얕은 지식 (개정판) 2 ,16，000,채사장
419., 프레임 ,17，000,최인철
420., 아비투스 ,18，000,도리스 메르틴
421., 당신은 결국 무엇이든 해내는 사람 ,15，000,김상현
422., 과거가 남긴 우울 미래가 보낸 불안 ,17，000,김아라
423., 지극히 사적인 네팔 ,16，300,수잔 샤키야， 홍성광
424., 2023 심우철 문법 풀이 전략서 ,15，000,심우철
425., 2023 이동기 영어 핵심문법 100포인트 요약노트 ,13，000,이동기
426., IT 5분 잡학사전 ,16，500,니꼴라스， 배지현
427., 반도체 삼국지 ,20，000,권석준
428., 푸른 사자 와니니 ㅣ 창비아동문고 280 ,10，800,이현
429., 당신이 옳다  ,15，800,정혜신
430., 멋진 신세계 ,13，800,올더스 헉슬리
431., 마법천자문 53 ㅣ 손오공의 한자 대탐험 마법천자문 53 ,14，000,유대영
432., 나는 4시간만 일한다 (리커버 에디션 2022) ,14，800,팀 페리스
433., 나의 히어로 아카데미아 34 ,6，000,호리코시 코헤이
434., 나는 나로 살기로 했다 ,16，000,김수현
435., 2023 유휘운 행정법총론 요약노트 + 기출문제 (요플) ,18，000,유휘운
436., 오늘도 고바야시 서점에 갑니다 ,15，000,가와카미 데쓰야
437., 수학자의 아침 ㅣ 문학과지성 시인선 437 ,9，000,김소연
438., 우리가 다른 귀신을 불러오나니 ,15，000,김이삭， 남유하， 배명은， 사마란， 서계수， 유기농볼셰비키， 장아미， 전혜진， 코코아드림， 한켠
439., 나는 나를 바꾸기로 했다 ,15，800,우즈훙
440., 예수가 하려던 말들 ,15，000,김호경
441., 2022 하반기 에듀윌 공기업 국민건강보험공단 NCS + 법률 봉투모의고사 4+3회 + 법률 100제 ,17，500,에듀윌 취업연구소
442., 내 옆에 은하 3 ㅣ S코믹스  ,6，000,아마가쿠레 기도
443., 심하게 굴지 말아줘 11 ,5，500,네코타 요네조우
444., 지.디펜드 G.Defend 68 ,5，000,모리모토 슈
445., 아홉 살 마음 사전 ㅣ 아홉 살 사전  ,11，000,박성우
446., 2022 제13회 젊은작가상 수상작품집  ,7，700,임솔아， 김멜라， 김병운， 김지연， 김혜진， 서수진， 서이제
447., 모순 ,13，000,양귀자
448., Do it! 점프 투 파이썬 ㅣ Do it! 시리즈  ,18，800,박응용
449., 입지 센스 ,20，000,박성혜(훨훨)
450., 사람， 장소， 환대 ㅣ 현대의 지성 159  ,16，000,김현경
451., 법륜 스님의 행복 ,14，000,법륜
452., 경제기사 궁금증 300문 300답 ㅣ 300문 300답  ,22，000,곽해선
453., 영어 회화의 결정적 단어들 ㅣ 영어의 결정적 시리즈  ,15，000,서영조
454., 군주론 ㅣ 현대지성 클래식 38 ,7，700,니콜로 마키아벨리
455., 부자의 언어 ,16，800,존 소포릭
456., 한 컷 한국사 ㅣ 온세상이 교과서 시리즈 7 ,20，000,조한경， 김남수， 김민수， 김종민， 박범희， 박상필， 박중현， 백형대， 정연두， 차경호
457., 그림 그리기가 이토록 쉬울 줄이야 ,18，000,이기주
458., 벌거벗은 한국사 : 인물편 ㅣ 벌거벗은 한국사  ,18，800,tvN〈벌거벗은 한국사〉제작팀
459., 어떤 계모님의 메르헨 4 (일러스트 북 + 캐릭터 클리어 스탠드 1종 + 캐릭터 카드 7종 + 초판 부록 엽서 1종 세트 박스 포함 한정판) ,37，000,ORKA
460., 2023 신용한 행정학 합격노트 ,28，000,신용한
461., 내가 알던 것보다 사연이 많아! K-요괴 도감 ㅣ 반전 도감 2 ,17，000,이고은
462., 처음 읽는 그리스 로마 신화 8 ㅣ 어린이를 위한 인문학 시리즈 8 ,13，500,최설희
463., 베이킹은 과학이다 : 제빵편  ,26，000,카지하라 요시하루， 기무라 마키코
464., 50에 시작해도 늦지 않는 부동산 투자 ㅣ 50의 서재 6 ,19，800,태재숙
465., 디스 이즈 이탈리아 This is Italia (2023년 최신판) ㅣ 디스 이즈 시리즈  ,21，000,전혜진， 윤도영， 박기남
466., 광개토태왕 담덕 3 ,16，000,엄광용
467., 작가의 방 ,17，000,알렉스 존슨
468., 소크라테스 익스프레스  ,18，000,에릭 와이너
469., 2주 만에 끝내는 해커스 오픽 OPIc Advanced 공략 ㅣ 2주 만에 끝내는 해커스 시리즈  ,15，900,해커스 오픽연구소
470., 달리기를 말할 때 내가 하고 싶은 이야기 ,14，500,무라카미 하루키
471., 사랑의 기술  ,12，000,에리히 프롬
472., 기침을 해도 나 혼자 그리고 고양이 한 마리  ,3，600(73%정가인하),무레 요코
473., 순전한 기독교 (개정무선판) ㅣ 정본 C. S. 루이스 클래식 2 ,14，000,C. S. 루이스
474., 말의 알고리즘 ,15，000,고은미， 김정호
475., 카미노 아일랜드 ,16，800,존 그리샴
476., 오십의 주역공부 ,18，000,김동완
477., 조정민의 답답답 ,15，000,조정민
478., 수레바퀴 아래서 (오리지널 초판본 표지디자인) ㅣ 코너스톤 착한 고전 시리즈   ,3，300(56%정가인하),헤르만 헤세
479., 해커스 국민건강보험공단 NCS + 법률 봉투모의고사 5+4회 ,14，900,해커스 취업교육연구소
480., 타자들의 생태학 ㅣ 월딩 시리즈 1 ,18，000,필리프 데스콜라
481., 미국 주식이 답이다 2023 ,20，000,장우석， 이항영
482., 우리가 사랑에 빠질 수밖에 없는 이유 ,17，800,스테파니 카치오포
483., 카키네와 케이다이 ,6，000,오마루
484., 해커스 토익 실전 1000제 1 RC Reading 문제집 (리딩) ㅣ 해커스 신토익  ,11，900,해커스어학연구소
485., H마트에서 울다 ,16，000,미셸 자우너
486., 예의 없는 친구들을 대하는 슬기로운 말하기 사전 ㅣ 슬기사전 2 ,13，000,김원아
487., 백만장자 시크릿 ,16，000,하브 에커
488., 픽사 스토리텔링 ,15，000,매튜 룬
489., 카구야 님은 고백받고 싶어 24 ,6，000,아카사카 아카
490., 에그박사의 이건 누구 똥?! 1 ,13，500,에그박사
491., 2023 문동균 한국사 기출은 문동균 - 전2권 ,34，000,문동균
492., 2023 에듀윌 사회복지사 1급 단원별 기출문제집 ㅣ 2023 에듀윌 사회복지사  ,25，000,손용근
493., 클로버 ㅣ 창비청소년문학 113 ,13，000,나혜림
494., 왼손에게 ㅣ Dear 그림책  ,14，000,한지원
495., 시간이 없다 ,18，000,정찬주
496., 전쟁과 약， 기나긴 악연의 역사 ,17，000,백승만
497., 빨리 하고 싶은 두 사람 3 ,6，000,쿠사카 아키
498., 농어촌의 분노와 희망 ,25，000,박진도， 허헌중， 국민총행복과 농산어촌 개벽 대행진 전국추진위원회
499., 저주토끼 (리커버)  ,14，800,정보라
500., 착! 붙는 일본어 독학 첫걸음 (증보판) ㅣ 착! 붙는 외국어 시리즈  ,14，000,일본어 공부기술연구소
501., 나는 주식 대신 달러를 산다 ,16，000,박성현
502., 현명한 투자자 ,23，000,벤저민 그레이엄
503., 열혈강호 86 ,5，500,전극진
504., 노르웨이의 숲 ,15，000,무라카미 하루키
505., Go Go 카카오프렌즈 25 : 네덜란드 ㅣ Go Go 카카오프렌즈 25 ,14，800,김미영
506., 도쿄 에일리언즈 2 ,5，000,NAOE
507., 아름다운 초저녁달 3 ,6，000,야마모리 미카
508., 에어리얼  ,17，000,실비아 플라스
509., 우리 반 목소리 작은 애 ㅣ 동화 쫌 읽는 어린이  ,12，000,김수현
510., 역사적 그리스도와 신학적 예수 ㅣ 비아 시선들  ,14，000,데일 C. 앨리슨
511., 빨리 하고 싶은 두 사람 4 ,6，000,쿠사카 아키
512., 사실은 내가 가장 듣고 싶던 말 ,15，800,따듯한 목소리 현준
513., 어린이라는 세계  ,15，000,김소영
514., 둥실이네 떡집 ㅣ 난 책읽기가 좋아  ,11，000,김리리
515., 도쿄 에일리언즈 1 ,5，000,NAOE
516., 스파이 패밀리 3 ,6，000,엔도 타츠야
517., 다락방의 미친 여자  ,55，000,샌드라 길버트， 수전 구바
518., 외계에서 온 펀자이씨 ㅣ 펀자이씨툰 2  ,16，000,엄유진
519., 똑게육아 ,22，200,로리(김준희)
520., 홍길동전 : 춤추는 소매 바람을 따라 휘날리니 ㅣ 국어시간에 고전읽기 (나라말) 3 ,11，000,류수열
521., 아홉살 인생 ㅣ 현북스 소설 1 ,12，000,위기철
522., 마틴 에덴 1 ,18，800,잭 런던
523., 아틀라스 한국사 ㅣ 아틀라스 역사 시리즈 1 ,36，000,한국교원대학교 역사교육과 교수진
524., 현대 철학의 최전선 ,18，000,나카마사 마사키
525., 그들의 말 혹은 침묵 ,14，000,아니 에르노
526., ETS 토익 정기시험 기출문제집 1000 Vol. 2 Reading (리딩) ㅣ ETS 토익 정기시험 기출문제집  ,17，800,ETS
527., 소년이 온다  ,14，000,한강
528., 지적 대화를 위한 넓고 얕은 지식 : 제로 편 ㅣ 지적 대화를 위한 넓고 얕은 지식 (개정판)   ,19，800,채사장
529., 이상한 과자 가게 전천당 15 ㅣ 이상한 과자 가게 전천당 15 ,13，000,히로시마 레이코
530., 엑시트 EXIT (리커버) ,17，000,송희창(송사무장)
531., 장사의 神 ㅣ 장사의 신   ,14，000,우노 다카시
532., 위풍당당 여우 꼬리 1 ㅣ 위풍당당 여우 꼬리 1 ,12，000,손원평
533., 아이주도 이유식 유아식 매뉴얼 세트  ,23，500,BLW 연구소， 안소정
534., 한반도에 지저스 웨이브가 온다 ,18，000,김성욱
535., 오래된 기억들의 방 ,19，000,베로니카 오킨
536., 해커스 토익 실전 1000제 3 LC LISTENING 문제집 (리스닝) ㅣ 해커스 신토익  ,11，900,해커스어학연구소
537., 후회 없음 ,19，800,칩 히스， 댄 히스
538., 더 위험한 미래가 온다 ,19，000,김영익， 박정호， 강영현， 김현석， 김현욱， 한문도
539., 버섯도리 버섯벤저스 1 : 암호 빌런 ,13，000,버섯도리
540., 진짜로 사귀기 15분 전 1 ,8，000,페리코
541., 모든 죽어가는 것을 사랑했다 ,12，000,박지연
542., 삐뽀삐뽀 119 소아과 (개정12판)  ,29，800,하정훈
543., 흔한남매 10 ㅣ 흔한남매 10 ,13，500,흔한남매
544., 보도 섀퍼의 돈  ,16，000,보도 섀퍼
545., 김락희의 인체 드로잉 ,35，000,김락희
546., 어쩌면 별들이 너의 슬픔을 가져갈지도 몰라 ㅣ 감성치유 라이팅북  ,12，800,김용택
547., 읽으면서 바로 써먹는 어린이 속담 ㅣ 맛있는 공부 17 ,12，000,한날
548., 너의 하늘을 보아  ,19，500,박노해
549., 보카바이블 (VOCA Bible) 4.0 (A권 + B권) ㅣ 보카바이블 4.0  ,32，000,허민
550., 가재가 노래하는 곳  ,16，000,델리아 오언스
551., 나는 왜 나를 함부로 대할까 ,16，800,문요한
552., 프랑스자수 스티치 200  ,3，600(69%정가인하),일본보그사
553., 위라클 WERACLE 우리 모두에게 기적을 ,15，000,박위
554., 2023 문동균 한국사 올인원 1/2 특강 ,12，000,문동균
555., 나는 행복을 선택했어요 ,16，000,애뽈(주소진)
556., The Black Book 검은 감정 ㅣ 자기만의 방  ,17，500,설레다(최민정)
557., Q.E.D Iff 증명종료 19 ,6，000,카토 모토히로
558., 내가 신이 되는 세상 ,16，000,도리이 아야네
559., 박테리아에서 바흐까지， 그리고 다시 박테리아로 ,48，000,대니얼 C. 데닛
560., 모모 ㅣ 비룡소 걸작선 13 ,12，000,미하엘 엔데
561., 알사탕 ㅣ 그림책이 참 좋아 39  ,12，000,백희나
562., 오십에 읽는 논어 ,16，000,최종엽
563., 보도 섀퍼의 이기는 습관  ,17，000,보도 섀퍼
564., 책들의 부엌  ,14，500,김지혜
565., 해커스 토익 실전 1000제 2 RC Reading 문제집 (리딩) ㅣ 해커스 신토익  ,11，900,해커스어학연구소
566., 해커스 토익 실전 1000제 2 LC Listening 문제집 (리스닝) ㅣ 해커스 신토익  ,11，900,해커스어학연구소
567., 생각하라 그리고 부자가 되어라 ,18，000,나폴레온 힐
568., 강성태 66일 영어회화 ,17，000,강성태
569., 정재승의 인간 탐구 보고서 9 ㅣ 어린이를 위한 뇌과학 프로젝트  ,14，000,정재은， 이고은
570., 전지적 독자 시점 7  ,15，000,슬리피-C
571., 내가 죽으면 장례식에 누가 와줄까 (너나들이 리커버 에디션) ,15，000,김상현
572., 모던 자바스크립트 Deep Dive ㅣ 위키북스 프로그래밍 & 프랙티스 시리즈 26 ,45，000,이웅모
573., 해커스 토익 실전 1000제 3 RC READING 문제집 (리딩) ㅣ 해커스 신토익  ,11，900,해커스어학연구소
574., 2023 이동기 영어 핵심문법 700제 3weeks ㅣ 2023 이동기 핵심문법  ,21，000,이동기
575., 심야식당 25  ,9，500,아베 야로
576., 2023 선재국어 매일 국어 시즌 1 ㅣ 선재국어 매일 국어 1 ,15，500,이선재
577., 당신에게 좋은 소식을 전해줄게요 ,15，200,권글
578., 심리학이 분노에 답하다 ,17，800,충페이충
579., 나쁜 회사 재무제표 ,19，000,이대훈
580., 칼 같은 글쓰기 ,13，000,아니 에르노， 프레데리크 이브 자네
581., 역사의 쓸모  ,15，000,최태성
582., 사과가 쿵! (보드북) ㅣ 아기그림책 나비잠   ,11，000,다다 히로시
583., 2023 신용한 행정학 최근 10년 단원별 기출문제집 - 전2권 ,42，000,신용한， SK100수험연구소
584., 2022 최신판 에듀윌 공기업 서울교통공사 NCS + 전공 봉투모의고사 5+1회 ,15，000,에듀윌 취업연구소
585., 2023 해커스공무원 신민숙 쉬운국어 문학ㆍ비문학 필기노트 (9급 공무원， 7급 공무원) ,15，500,신민숙
586., 네가 맛있는 하루를 보내면 좋겠어 ,15，800,츠지 히토나리
587., 히로 일러스트집 ,20，000,히로
588., 장송의 프리렌 8 ,6，000,야마다 카네히토
589., 도쿄 에일리언즈 3 ,5，000,NAOE
590., 이세계 삼촌 7 ,8，000,호톤도신데이루
591., 2023 보건의약관계법규 ,15，000,한국간호과학회
592., 2022 해커스 SKCT SK그룹 종합역량검사 봉투모의고사 ,18，900,해커스잡 취업교육연구소
593., 해커스톡 영어회화 10분의 기적 : 아는 단어로 말하기 ㅣ 해커스톡 영어회화 시리즈  ,12，900,해커스어학연구소
594., 만복이네 떡집 ㅣ 난 책읽기가 좋아  ,11，000,김리리
595., 동물농장 ㅣ 민음사 세계문학전집 5 ,8，000,조지 오웰
596., 5년 후 나에게 - Q&A a day (2022 오리지널) ,16，800,포터 스타일
597., 담론  ,18，000,신영복
598., 이토록 뜻밖의 뇌과학 ,16，000,리사 펠드먼 배럿
599., 네이티브 영어표현력 사전 ,25，000,이창수
600., 해커스 그래머 게이트웨이 베이직 : 초보를 위한 기초 영문법 (Grammar Gateway Basic) ㅣ 그래머 게이트웨이 시리즈  ,14，900,David Cho
601., 백년 목  ,17，500,정선근
602., 한 권으로 끝내는 해커스 토익 700+ (LC+RC+VOCA) ㅣ 해커스 신토익  ,19，800,해커스어학연구소
603., 이것은 작은 브랜드를 위한 책 ,15，800,이근상
604., JLPT 일본어능력시험 한권으로 끝내기 N3 ㅣ JLPT 일본어능력시험 한권으로 끝내기 (2021 최신 개정판)  ,27，000,이치우， 기타지마 치즈코
605., 시민의 한국사 1 ㅣ 시민의 한국사 1 ,38，000,한국역사연구회
606., JLPT 일본어능력시험 한권으로 끝내기 N2 ㅣ JLPT 일본어능력시험 한권으로 끝내기 (2021 최신 개정판)  ,27，000,이치우， 기타지마 치즈코
607., 주술회전 19 ,6，000,아쿠타미 게게
608., 오싹오싹 팬티! ㅣ 토토의 그림책  ,13，000,에런 레이놀즈
609., 해커스 일본어 첫걸음 : 기초 20일 독학 완성! ,13，900,해커스JLPT연구소
610., 맨큐의 경제학 연습문제풀이 ,16，000,그레고리 맨큐
611., 빌리 서머스 1~2 세트 - 전2권 ,25，500,스티븐 킹
612., 통찰의 시간 ,18，000,신수정
613., 경매 교과서 ,17，000,안정일
614., 스미기에 좋지  ,11，000,김복희
615., 마음 쓰는 밤 ,17，000,고수리
616., 물어보기 부끄러워 묻지 못한 맞춤법 & 띄어쓰기 100 ,17，000,박선주
617., 그 살갗의 열기를 기억해 ,5，500,죠제
618., 서툰 어른 처방전 ,16，800,박대선
619., 민쩌미 옛날옛쩜 ,13，000,민쩌미
620., 공의 경계 8 ,6，000,나스 키노코
621., 아마가미 씨네 인연 맺기 3 ,6，000,나이토 마시
622., 나미야 잡화점의 기적 ,14，800,히가시노 게이고
623., 유럽 도시 기행 1 ㅣ 유럽 도시 기행 1  ,16，500,유시민
624., 내 문장이 그렇게 이상한가요?  ,12，000,김정선
625., 고양이 해결사 깜냥 4 ㅣ 고양이 해결사 깜냥 4 ,11，000,홍민정
626., 떨림과 울림  ,15，000,김상욱
627., 우리는 여전히 삶을 사랑하는가  ,15，800,에리히 프롬
628., 채사장의 지대넓얕 3 : 폭력의 시대 ㅣ 생각을 넓혀 주는 어린이 교양 도서  ,15，000,채사장， 마케마케
629., 얼굴만으론 좋아할 수 없어요 1 ,5，500,안자이 카린
630., 사서함 110호의 우편물  ,15，000,이도우
631., 더 시스템 ,16，000,스콧 애덤스
632., 사랑해 사랑해 사랑해 (보드북) ㅣ 사랑해 보드북 1 ,11，800,버나뎃 로제티 슈스탁
633., 귀멸 학원! 1 ,6，000,호카미 나츠키
634., 면접을 위한 CS 전공지식 노트 ,24，000,주홍철
635., 썬킴의 세계사 완전 정복 ,17，000,썬킴
636., 마케팅이다  ,18，000,세스 고딘
637., 모비딕 ㅣ 현대지성 클래식 44 ,19，900,허먼 멜빌
638., 2023 갓대환 형사법 기출총정리 - 전3권 ,81，000,김대환
639., 청춘 블라썸 시즌2 : 5 ,15，000,홍덕
640., 2023 시나공 컴퓨터활용능력 2급 실기 ㅣ 2023 시나공 컴퓨터활용능력  ,24，000,길벗 R&D， 강윤석， 김용갑， 김우경， 김종일
641., 잠 못 드는 밤의 궁궐 기담  ,16，000,현찬양
642., 마케터의 글쓰기 ,15，000,이선미
643., 고양이와 할아버지 8 ,10，000,네코마키
644., 매1N 에듀윌 공기업 매일 1회씩 꺼내 푸는 NCS Ver.2 ,28，500,이시한
645., 황금빛 모서리 ㅣ 문학과지성 시인선 130 ,12，000,김중식
646., 섹스할 권리 ,22，000,아미아 스리니바산
647., 의사 어벤저스 9 : 피부 질환， 부드럽게 화해하라! ㅣ 의사 어벤저스 9 ,13，500,고희정
648., 케이트앤케이크의 시그니처 디저트 구움과자 ,18，000,신성숙
649., 사라진 여자들 ,15，800,메리 쿠비카
650., 2023 선재국어 매일 국어 시즌 2 ㅣ 선재국어 매일 국어 2 ,15，500,이선재
651., 당신은 이미 브랜드입니다 ,15，000,김영욱
652., 착한 아이 버리기 ,15，000,송주현
653., 답장이 없는 삶이라도 ,16，000,김해서
654., 잉여맨 사이다스쿨 1 ,13，000,양선모
655., 선량한 차별주의자  ,15，000,김지혜
656., 여덟 단어  ,15，000,박웅현
657., 설민석의 한국사 대모험 21 ㅣ 설민석의 한국사 대모험 21 ,13，000,설민석， 스토리박스
658., 프로젝트 헤일메리 ㅣ 앤디 위어 우주 3부작  ,18，500,앤디 위어
659., 흔한남매 과학 탐험대 5 : 물리 1 ㅣ 흔한남매 과학 탐험대 5 ,14，000,흔한남매
660., 반 고흐， 영혼의 편지 1~2 세트 - 전2권 (스페셜 에디션) ㅣ 반 고흐， 영혼의 편지   ,28，000,빈센트 반 고흐
661., 언스크립티드 부의 추월차선 완결판  ,19，800,엠제이 드마코
662., 나는 소망한다 내게 금지된 것을 ,15，000,양귀자
663., 흔한남매의 흔한 호기심 6 ㅣ 흔한남매  ,13，000,안치현
664., 톨스토이 단편선 1 ㅣ 클래식 레터북 Classic Letter Book 1 ,9，000,레프 니콜라예비치 톨스토이
665., 하루 한 장 365 인문학 달력 (스프링) ,16，000,김종원
666., 갈매기에게 나는 법을 가르쳐준 고양이 ㅣ 8세부터 88세까지 읽는 동화  ,9，800,루이스 세풀베다
667., ETS 토익 단기 공략 850+ (LC + RC) ㅣ ETS 토익 단기 공략  ,19，500,ETS
668., 매매의 심리 ,18，000,박병창
669., 잘했고 잘하고 있고 잘 될 것이다 ,15，000,정영욱
670., 이현석의 입이 트이는 영어 최고의 스피킹 60 : 여가생활 편 ㅣ EBS 영어학습 시리즈  ,15，000,이현석
671., 2023 이동기 영어 유형별 기출문제집 - 전4권 ,44，000,이동기
672., 마틴 에덴 2 ,18，800,잭 런던
673., 2023 심우철 문법 600제 ,25，000,심우철
674., 오크 영웅 이야기 3 ,9，800,리후진 나 마고노테
675., 틴틴팅클! 박스 세트 - 전3권 ㅣ 틴틴팅클!  ,34，800,난
676., 다른 딸 ㅣ 아니 에르노 컬렉션  ,11，800,아니 에르노
677., 20세기 기술의 문화사  ,17，000,김명진
678., 브랜드 기획자의 시선 ,23，000,양봄내음， 권병욱
679., 폴리애나 ㅣ 초등학생을 위한 세계 명작 45 ,6，500,엘리너 하지먼 포터
680., 한 번은 불러보았다 ,17，000,정회옥
681., 코딩 자율학습 나도코딩의 C 언어 입문 ,26，000,나도코딩
682., 전설의 모험왕 엉덩이 댄디 4 ㅣ 전설의 모험왕 엉덩이 댄디 4 ,13，500,트롤
683., 그림의 힘 2 ㅣ 그림의 힘 시리즈 2 ,19，800,김선현
684., 망가진 이정표 ,15，000,톰 라이트
685., 카모노하시 론의 금단추리 3 ,6，000,아마노 아키라
686., ETS 토익 정기시험 기출문제집 1000 Vol. 2 Listening (리스닝) ㅣ ETS 토익 정기시험 기출문제집  ,17，800,ETS
687., 이토록 공부가 재미있어지는 순간 ,15，000,박성혁
688., 책과 노니는 집 ㅣ 보름달문고 30  ,11，500,이영서
689., 침묵의 봄 ㅣ 레이첼 카슨 전집 5  ,18，000,레이첼 카슨
690., 고양이 해결사 깜냥 3 ㅣ 고양이 해결사 깜냥 3 ,11，000,홍민정
691., 지리의 힘 2 ㅣ 지리의 힘 2 ,23，000,팀 마샬
692., EBS 다큐프라임 자본주의  ,17，000,EBS 자본주의 제작팀
693., 기묘한 미술관  ,17，800,진병관
694., 당신의 마음에 이름을 붙인다면 ㅣ 보통날의 그림책 1 ,15，000,마리야 이바시키나
695., 주술회전 8 ,5，000,아쿠타미 게게
696., 읽으면서 바로 써먹는 어린이 사자성어 ㅣ 맛있는 공부 38 ,12，000,한날
697., 인간의 130가지 감정 표현법 ㅣ 인간의 감정 표현법  ,20，000,안젤라 애커만， 베카 푸글리시
698., 미키7 ,15，000,에드워드 애슈턴
699., 썬킴의 거침없는 세계사 ,16，500,썬킴
700., 하루 한장 초등 영어 파닉스 + 발음기호 (스프링) ㅣ 하루 한장 초등 영어 (스프링북)  ,14，000,이문필
701., 아몬드 (100만 부 기념 특별판， 양장) ,12，000,손원평
702., 혼자 공부하는 파이썬 ㅣ 혼자 공부하는 시리즈  ,22，000,윤인성
703., 시지프 신화 ㅣ 민음사 세계문학전집 343 ,12，000,알베르 카뮈
704., 공정 이후의 세계 ,17，000,김정희원
705., 예민함이라는 선물 ,17，000,이미 로
706., 가벼운 마음 ,14，000,크리스티앙 보뱅
707., 전지적 독자 시점 Part 1 01  ,13，500,싱숑
708., 사카모토 데이즈 6 ,6，000,스즈키 유우토
709., 악당의 아빠를 꼬셔라 5 (캐릭터 책갈피 1종 + 클리어 스탠드 1종 + 체크리스트형 빅 메모지 + 포토카드 10종 + 아크릴 키링 + 일러스트 달력 + 박스 포함 한정판) ,35，000,비아
710., 부족한 것이 없는 사람에게 왜 복음이 필요한가? ,12，000,윌리엄 윌리몬
711., 리틀 라이프 1 ,14，800,한야 야나기하라
712., 운명을 바꾸는 부동산 투자 수업 (11만 부 기념 바이블 에디션) ㅣ 운명을 바꾸는 부동산 투자 수업  ,30，000,부동산읽어주는남자(정태익)
713., 2022 투자자산운용사 한권으로 끝내기 ver 8.0 ,34，000,유창호
714., 월간최신 취업에 강한 에듀윌 시사상식 2022.10 ,10，000,에듀윌 상식연구소
715., 처음 가는 마을 ㅣ 봄날의책 세계시인선 3 ,11，000,이바라기 노리코
716., 2023 퍼시픽 간호사 국시대비 문제집 9 : 보건의료법규 ㅣ 2023 퍼시픽 간호사 국시대비 문제집 9 ,21，000,퍼시픽북스 학술편찬국
717., 에브리바디 ,17，800,올리비아 랭
718., 쉽게 보는 난중일기 완역본 ,16，000,이순신
719., 영웅왕， 극한의 무를 위해 전생하다 7 ,9，800,하야켄
720., 정주영이 누구예요 ,20，000,이민우
721., 벌거벗은 한국사 : 사건편 ㅣ 벌거벗은 한국사  ,18，800,tvN〈벌거벗은 한국사〉제작팀
722., 갑자기 기린 선생님 ㅣ 난 책읽기가 좋아  ,11，000,소연
723., 어린 왕자 ,11，800,앙투안 드 생텍쥐페리
724., 사랑하라 한번도 상처받지 않은 것처럼 ,9，500,류시화
725., 페스트 ㅣ 민음사 세계문학전집 267 ,14，000,알베르 카뮈
726., 오은영 박사가 전하는 금쪽이들의 진짜 마음속 ,19，800,오은영
727., 위대한 나의 발견 강점 혁명 ,30，000,갤럽 프레스
728., 입 속의 검은 잎 ㅣ 문학과지성 시인선 80  ,9，000,기형도
729., 원펀맨 One Punch Man 25 ,5，500,ONE
730., 오늘의 일인분 일식  ,4，400(68%정가인하),베터홈 협회
731., 박혜원 파워토익 VOCA ,12，800,박혜원
732., 시민의 한국사 2 ㅣ 시민의 한국사 2 ,38，000,한국역사연구회
733., 김수연의 아기발달 백과 ,20，000,김수연
734., 일본어 문법 무작정 따라하기 ㅣ 무작정 따라하기 일본어  ,21，000,후지이 아사리
735., 재와 물거품 ㅣ 안전가옥 쇼-트 8 ,10，000,김청귤
736., 유리탑의 살인 ,16，800,치넨 미키토
737., 해커스 일본어 JLPT N3 (일본어능력시험) 한 권으로 합격 ㅣ 해커스일본어 JLPT 한 권으로 합격  ,26，900,해커스 JLPT 연구소
738., 어디 있을까? 숨은그림찾기 1000 ㅣ 놀면서 똑똑해지는 퍼즐북 시리즈  ,8，800,레이크 프레스
739., 올리버쌤의 영어회화 일력 365 (스프링) ,18，500,올리버 샨 그랜트
740., 김전일 37세의 사건부 12 ,5，500,아마기 세이마루
741., 너， 영어 교과서 씹어 먹어 봤니? ,17，500,이지은
742., 김경필의 오늘은 짠테크 내일은 플렉스 ,16，800,김경필
743., 가장 아름다운 기억을 너에게 보낼게 ,15，800,하세가와 카오리
744., 궤도의 과학 허세 (리커버판， 양장) ,16，000,궤도
745., 친구 여동생이 나한테만 짜증나게 군다 7 ,7，800,미카와 고스트
746., 미스테리아 43호  ,15，000,미스테리아 편집부
747., 리얼 교토 ㅣ 리얼 시리즈  ,18，000,황성민， 정현미
748., 2022 에듀윌 공인중개사 1차 봉투모의고사 + 무료강의 ㅣ 2022 에듀윌 공인중개사 봉투모의고사  ,13，500,에듀윌 공인중개사 대표교수진
749., 한경무크 : 실버타운 올가이드 ㅣ 한경무크  ,20，000,문성택(공빠)， 유영란(공마)
750., 이것이 금융논술이다 7.0 : 금융기관.금융공기업 편 ㅣ 이것이 금융논술이다 7.0  ,25，000,김정환
751., 당신이 ADHD라고 해서， ADHD가 당신은 아니다 ,23，500,김강우
752., 한 장 한 장 그림책 ㅣ 사계절 그림책  ,23，000,이억배
753., 머니 파워 ,17，000,보도 섀퍼
754., 2023 시나공 정보처리기사 필기 ㅣ 2023 시나공 정보처리기사/기능사/산업기사  ,35，000,길벗 R&D， 강윤석， 김용갑， 김우경， 김정준
755., 2023 심승아 Simple.Detail 소방관계법규 기출문제집 ㅣ 2023 심승아 Simple/Detail 소방  ,22，000,심승아
756., 어디선가 눈물은 발원하여 ㅣ 문학과지성 시인선 574 ,12，000,정현종
757., 화폐 착각  ,14，000,어빙 피셔
758., 사랑 같은 게 아니라 2 ,5，000,미나미 토코
759., 여행의 이유  ,13，500,김영하
760., 시선으로부터，  ,14，000,정세랑
761., 마음챙김의 시  ,13，000,류시화
762., 해커스 토익 실전 1000제 1 LC Listening 문제집 (리스닝 ㅣ 해커스 신토익  ,11，900,해커스어학연구소
763., EBS 당신의 문해력 ,17，000,김윤정
764., 부자 아빠 가난한 아빠 2 ㅣ 부자 아빠 가난한 아빠   ,15，000,로버트 기요사키
765., 환자 혁명 ,15，000,조한경
766., 아픔이 길이 되려면  ,18，000,김승섭
767., 차라투스트라는 이렇게 말했다 ㅣ 민음사 세계문학전집 94 ,11，000,프리드리히 니체
768., 명상록 (그리스어 원전 완역본) ㅣ 현대지성 클래식 18 ,12，000,마르쿠스 아우렐리우스
769., 삶으로 다시 떠오르기 ,18，000,에크하르트 톨레
770., 세상에서 가장 짧은 한국사 ,17，800,김재원
771., 어린이를 위한 초등 매일 글쓰기의 힘 : 세줄쓰기 ㅣ 어린이를 위한 초등 매일 글쓰기의 힘  ,10，000,이은경
772., 그 비스크 돌은 사랑을 한다 9 ㅣ S코믹스  ,5，500,후쿠다 신이치
773., 오싹오싹 당근 ㅣ 베스트 세계 걸작 그림책 20 ,12，000,에런 레이놀즈
774., 2022 하반기 최신판 위포트 공기업 NCS 직업기초능력평가 + 직무수행능력평가 통합 기본서 ,24，900,위포트 연구소
775., 백성귀족 7 ㅣ 세미콜론 코믹스  ,8，000,아라카와 히로무
776., 부의 변곡점 ,15，800,정윤진
777., 2022 해커스 20대기업 인적성 통합 기본서 최신기출유형 + 실전문제 ,22，900,해커스잡 취업교육연구소
778., 코미 양은 커뮤증입니다 24 ㅣ S코믹스  ,5，000,오다 토모히토
779., 나를 사랑하지 않아도 2 ,15，000,판도
780., 2023 에듀윌 사회복지사 1급 통합이론서 ㅣ 2022 에듀윌 사회복지사  ,38，000,손용근， 최승희， 홍원표， 신경안， 임화영
781., 이제 그것을 보았어 ,16，000,박혜진
782., 빨치산의 딸 1 ,9，500,정지아
783., 아오노 군에게 닿고 싶으니까 죽고 싶어 3 ,5，500,시이나 우미
784., 한편 9호 : 외모 ㅣ 인문 잡지 한편 9 ,10，000,민음사 편집부
785., 과학특성화중학교 2 ㅣ 과학특성화중학교 2 ,13，000,닥터베르
786., 돈키호테 ㅣ 초등학생을 위한 세계 명작 44 ,6，500,양태석
787., 에라스무스 평전 ,18，000,슈테판 츠바이크
788., 생물은 왜 죽는가 ,17，000,고바야시 다케히코
789., 지옥락 10 ,6，000,카쿠 유지
790., 2023 부산광역시교육청 교육공무직원 소양평가 인성검사 3회 + 실전모의고사 7회 + 면접 + 무료공무직특강 ,22，000,SD적성검사연구소
791., 국내 최다 이모티콘 승인 작가 씨엠제이가 알려주는 승인율 99.9% 이모티콘 만들기 ,15，000,씨엠제이(최민정)
792., 5번 레인 ㅣ 보름달문고 82 ,12，500,은소홀
793., 스즈키 바이올린 교본 1 ㅣ 스즈키 바이올린 교본 1 ,12，000,세광음악 편집부
794., 달러구트 꿈 백화점 (100만부 기념 합본호 기프트 에디션) ㅣ 달러구트 꿈 백화점   ,24，000,이미예
795., 채사장의 지대넓얕 1 : 권력의 탄생 ㅣ 생각을 넓혀 주는 어린이 교양 도서  ,14，000,채사장， 마케마케
796., 싯다르타 ㅣ 민음사 세계문학전집 58 ,8，000,헤르만 헤세
797., 믿음에 대하여  ,14，500,박상영
798., 매일을 헤엄치는 법 ,16，000,이연
799., 흔한남매 과학 탐험대 4 : 물질 ㅣ 흔한남매 과학 탐험대 4 ,14，000,흔한남매
800., 지텔프 기출문제 Level 2 ,11，800,커넥츠 지텔프 연구소
801., 포인트 캐릭터 드로잉 - 전2권 ㅣ 캐릭터 드로잉  ,28，000,타코
802., 2주 만에 끝내는 해커스 오픽 OPIc START (Intermediate 공략) ,15，900,해커스 오픽연구소
803., 용의자 X의 헌신 ㅣ 탐정 갈릴레오 시리즈 3 ,16，800,히가시노 게이고
804., 마틸다 (반양장) ㅣ 시공주니어 문고 3단계 34  ,11，500,로알드 달
805., 김경일의 지혜로운 인간생활 ,17，500,김경일
806., 우주로 가는 계단 ㅣ 창비아동문고 303  ,10，800,전수경
807., 어른의 문해력 ,14，000,김선영
808., 유원 (반양장) ㅣ 창비청소년문학 96 ,12，000,백온유
809., 숲속의 자본주의자  ,15，000,박혜윤
810., 읽으면서 바로 써먹는 어린이 속담 : 바이러스편 ㅣ 맛있는 공부 37 ,12，000,한날
811., 투명도 혼합 공간 ㅣ 문학과지성 시인선 571  ,12，000,김리윤
812., 우리가 케이크를 먹는 방법 ,16，800,김효은
813., 비전공자도 이해할 수 있는 AI 지식 ,19，800,박상길
814., 아름다운 초저녁달 1 ,6，000,야마모리 미카
815., 꽃말의 탄생 ㅣ 일인칭 5 ,19，500,샐리 쿨타드
816., 먼작귀 1 ,11，000,나가노
817., 그때그때 가볍게 산다 ,15，000,장성숙
818., 아무도 지켜보지 않지만 모두가 공연을 한다 ,16，000,비비언 고닉
819., 2022 전효진 행정법 전범위 모의고사 (총론.각론) ,18，000,전효진
820., 2022 고시넷 NCS 지역농협 6급 기본서 ,28，000,고시넷 NCS 연구소
821., 근육운동 100가지 기본  ,22，000,길브로 정봉길
822., 2023 심우철 합격영어 3 : 독해 ㅣ 2023 심우철 합격영어 3 ,17，000,심우철
823., 달팽이 헨리 ,15，000,카타리나 마쿠로바
824., 스튜디오 지브리 입체건축전 도록  ,30，000,스튜디오 지브리
825., 2023 민준호 독학 행정법 필기노트 ,23，000,민준호
826., 쉽게 방전되는 당신을 위한 에너지 사용법 ,16，000,게일 골든
827., 빙과 14 ,5，500,타스쿠오나
828., 바니타스의 수기 10 ,6，000,모치즈키 준
829., 인디오의 변덕스러운 혼 ㅣ 월딩 시리즈 2 ,21，000,에두아르두 비베이루스 지 카스트루
830., 내일은 어느 쪽! 8 ,5，500,야마모토 코테츠코
831., 씹으면 씹을수록 달콤해져 1 ,5，000,히나치 나오
832., ETS 토익 정기시험 기출문제집 1000 Vol.1 Reading ㅣ ETS 토익 정기시험 기출문제집  ,17，800,ETS
833., 오만과 편견 ㅣ 민음사 세계문학전집 88 ,11，000,제인 오스틴
834., 푸른 사자 와니니 2 ㅣ 창비아동문고 305 ,10，800,이현
835., 푸른 사자 와니니 3 ㅣ 창비아동문고 316 ,10，800,이현
836., 왜 세계의 절반은 굶주리는가?  ,12，800,장 지글러
837., 꽃샘바람에 흔들린다면 너는 꽃  ,13，500,류시화
838., 세상에서 제일 재밌는 종이접기 ㅣ 세상에서 제일 시리즈 6 ,14，000,네모아저씨 이원표
839., 원피스 101  ,5，500,오다 에이치로
840., 지구에서 한아뿐 ,13，000,정세랑
841., 설국 ㅣ 민음사 세계문학전집 61 ,8，000,가와바타 야스나리
842., 채사장의 지대넓얕 2 : 자본이라는 신 ㅣ 생각을 넓혀 주는 어린이 교양 도서  ,14，000,채사장， 마케마케
843., 도쿄 리벤저스 25 ,6，000,와쿠이 켄
844., 도쿄 리벤저스 26 ,6，000,와쿠이 켄
845., ETS 토익 단기 공략 650+ (LC + RC) ㅣ ETS 토익 단기 공략  ,18，000,ETS
846., 묘사하는 마음  ,18，000,김혜리
847., 해석이 쉬워지는 해커스 구문독해 100 ,16，900,해커스어학연구소
848., 주술회전 18 ,5，000,아쿠타미 게게
849., 클린 코드 Clean Code ㅣ 프로그램 프로그래밍 프로그래머  ,33，000,로버트 C. 마틴
850., 읽으면서 바로 써먹는 어린이 수수께끼 ㅣ 맛있는 공부 31 ,12，000,한날
851., 보이지 않는 곳에서 애쓰고 있는 너에게 ,10，800,최대호
852., 성과를 지배하는 바인더의 힘 ㅣ 성과를 지배하는 힘 1  ,16，000(20%정가인하),강규형
853., 오픽노잼 ,23，000,오픽노잼
854., 짱깨주의의 탄생 ㅣ 보리 인문학 3 ,33，000,김희교
855., 끝까지 남겨두는 그 마음 ㅣ 나태주 필사시집  ,13，800,나태주
856., 나의 이브 생 로랑에게  ,18，800,피에르 베르제
857., 프로페셔널 스튜던트 ,18，000,김용섭
858., 2022 해커스경찰 갓대환 형사법 기본서 1권 : 형법 (경찰공무원) ㅣ 2022 해커스경찰 갓대환 형사법 기본서 1 ,38，000,김대환
859., 어느 날 공주가 되어버렸다 7 (일반판) ,15，000,스푼
860., 러버즈 하이 1 ,6，000,안자이 카린
861., 아케비의 세일러복 10 ,8，500,히로
862., 슬픔은 원샷， 매일이 맑음 ,15，000,김한솔
863., 교감완역 난중일기 ,22，000,이순신
864., 전지적 독자 시점 Part 1 07  ,13，500,싱숑
865., 전지적 독자 시점 Part 1 08  ,13，500,싱숑
866., 십 년 가게 6 ㅣ 십 년 가게 6 ,13，000,히로시마 레이코
867., 애니캔 ㅣ 별숲 동화 마을 41 ,12，000,은경
868., 영어회화 100일의 기적 ,14，000,문성현
869., 지구를 구할 여자들 ,18，000,카트리네 마르살
870., 손으로 보는 아이， 카밀 ㅣ 소원어린이책 1 ,12，000,토마시 마우코프스키
871., 앤디 워홀 이야기 ㅣ 청소년 롤모델 시리즈 (움직이는 서재) 6 ,10，000,아서 단토
872., 성정혜 영어 기적사 하프모의고사 퀵스타트편 ,33，000,성정혜
873., 인사이트 밀 ,18，500,요네자와 호노부
874., 난민， 멈추기 위해 떠나는 사람들 ,13，000,하영식
875., 2023 퍼시픽 간호사 국시대비 문제집 1 : 성인간호학 1 ㅣ 2023 퍼시픽 간호사 국시대비 문제집 1 ,22，000,퍼시픽도도
876., 네가 세계의 마지막 소년이라면 ㅣ 워프 시리즈 2 ,16，000,알렉산더 케이
877., 잘 파는 사람은 이렇게 팝니다 ,16，800,황현진
878., 2023 전효진 헌법 조문집 ,9，000,전효진
879., 닥터 K의 오싹한 의학 미스터리 1 ㅣ 닥터 K의 오싹한 의학 미스터리 1 ,14，800,애덤 케이
880., 해커스 토익 스타트 리딩 RC ㅣ 해커스 신토익  ,14，900,David Cho
881., 가라오케 가자!  ,8，500,와야마 야마
882., 장수탕 선녀님 ㅣ 그림책이 참 좋아 7  ,11，000,백희나
883., 해커스 토익 스타트 리스닝 LC ㅣ 해커스 신토익  ,14，900,David Cho
884., 고양이 해결사 깜냥 2 ㅣ 고양이 해결사 깜냥 2 ,11，000,홍민정
885., 아티스트 웨이  ,17，000,줄리아 카메론
886., 브람스를 좋아하세요... ㅣ 민음사 세계문학전집 179 ,8，500,프랑수아즈 사강
887., 훌훌 ㅣ 문학동네 청소년 57 ,12，500,문경민
888., 에그박사 7 ㅣ 에그박사 7 ,14，500,에그박사
889., 깨어있는 부모 ,17，800,셰팔리 차바리
890., 고구마구마 ㅣ 반달 그림책 26 ,13，000,사이다
891., 투자는 심리게임이다 ㅣ 코스톨라니 투자총서 2 ,12，000,앙드레 코스톨라니
892., 주술회전 10 ,5，000,아쿠타미 게게
893., 피프티 피플  ,14，000,정세랑
894., 전세가를 알면 부동산 투자가 보인다 ,18，000,이현철
895., 얼굴만으론 좋아할 수 없어요 2 ,5，500,안자이 카린
896., 가짜 모범생 ,12，000,손현주
897., 새삐의 인체 드로잉 & 해부학 클래스 ,22，000,새삐(이서은)
898., 위풍당당 여우 꼬리 2 ㅣ 위풍당당 여우 꼬리 2 ,12，000,손원평
899., 차트의 기술 ,22，000,김정환
900., 얼굴만으론 좋아할 수 없어요 4 ,5，500,안자이 카린
901., 2023 선재국어 세트 (전2권 + 부록) ,47，000,이선재
902., 슬램덩크 신장재편판 1 ,7，000,이노우에 타케히코
903., 설민석의 삼국지 대모험 8 ㅣ 설민석의 삼국지 대모험 8 ,11，000,단꿈아이
904., 게임하고 싶어! ㅣ 김영진 그림책 16 ,14，000,김영진
905., 나를 아프게 한 건 항상 나였다 ,16，000,이혜진
906., 전지적 독자 시점 Part 1 02  ,13，500,싱숑
907., 매일매일 행복해 ㅣ 피카 그림책 2 ,14，000,프란체스카 피로네
908., 전지적 독자 시점 Part 1 03  ,13，500,싱숑
909., 전지적 독자 시점 Part 1 04  ,13，500,싱숑
910., 도서관을 훔친 아이 ㅣ 그래요 책이 좋아요 3 ,12，500,알프레드 고메스 세르다
911., 가부키초 배드 트립 ,6，000,나기사 에이지
912., 짐승일기 ,16，000,김지승
913., 혼자 시작하는 사주명리 공부 ,28，000,김원
914., 프로가 되기 위한 작화 기술 ,15，000,오시야마 키요타카
915., 2022 해커스 NCS 지역농협 6급 통합 기본서 인적성 및 직무능력평가 ,25，900,해커스 취업교육연구소
916., 2023 권규호 공무원 국어 개기문 : 문법 ㅣ 2023 권규호 공무원 국어  ,19，000,권규호
917., KBS 한국어능력시험 기출문제 18 ,29，000,KBS한국어진흥원
918., 까먹어도 될까요 ㅣ 첫 읽기책 16 ,10，000,유은실
919., 2023 김중규 여다나 압축 선행정학 ,25，000,김중규
920., 흉터 쿠키 ㅣ 현대문학 핀 시리즈 시인선 42  ,9，000,이혜미
921., 가르칠 수 없는 것을 가르치기 ㅣ 배우는 사람， 교사  ,16，500,이병곤
922., 가벼운 선물 ㅣ 민음의 시 301  ,12，000,조해주
923., 우리의 정원 ㅣ 사계절 1318 문고 137 ,12，000,김지현
924., 아인슈타인의 베일 ,15，000,안톤 차일링거
925., 방구석 뮤지컬 ,16，500,이서희
926., 지중해 요리 ㅣ 지중해 요리 시리즈   ,21，000,나카가와 히데코
927., 치매의 거의 모든 기록  ,16，000,웬디 미첼
928., 윈저 노트， 여왕의 비밀 수사 일지 ㅣ 첩혈쌍녀  ,16，800,소피아 베넷
929., 감정의 뇌과학 ,19，000,레너드 믈로디노프
930., 법대로 사랑하라 2 ,22，000,임의정
931., 법대로 사랑하라 1 ,22，000,임의정
932., 바람의 검심 7 ,5，000,와츠키 노부히로
933., 내일도 잘 부탁해， 도쿄! ,15，000,장서영
934., 2022 하반기 All-New SKCT SK그룹 온라인 최신기출유형 + 모의고사 5회 + 무료SK특강 ,22，000,SD적성검사연구소
935., 연금술사  ,12，000,파울로 코엘료
936., 여학교의 별 2 ,8，500,와야마 야마
937., 마음의 법칙 ,16，000,폴커 키츠， 마누엘 투쉬
938., 왜 일하는가 ,16，000,이나모리 가즈오
939., 서울 자가에 대기업 다니는 김 부장 이야기 1 : 김 부장 편 ㅣ 서울 자가에 대기업 다니는 김 부장 이야기 1  ,15，000,송희구
940., 노인과 바다 ㅣ 민음사 세계문학전집 278 ,8，000,어니스트 헤밍웨이
941., 싱글맘 부동산 경매로 홀로서기 ,16，000,이선미
942., 나는 장사의 신이다 ,16，800,은현장
943., 전쟁은 여자의 얼굴을 하지 않았다  ,16，000,스베틀라나 알렉시예비치
944., 칼의 노래 ,14，000,김훈
945., 듄 신장판 1 ,25，000,프랭크 허버트
946., 영어 필사 100일의 기적 ,15，000,퍼포먼스 코치 리아
947., 한 개의 기쁨이 천 개의 슬픔을 이긴다 : 삶과 태도에 관하여 ㅣ 조우성 변호사 에세이 1 ,14，800,조우성
948., 우리가 세상을 이해하길 멈출 때 ,16，000,벵하민 라바투트
949., ETS 토익 정기시험 기출입문서 RC 리딩 ㅣ ETS 토익 정기시험 기출입문서  ,15，000,ETS
950., 두근두근 편의점 ㅣ 그림책이 참 좋아 88 ,14，000,김영진
951., 영어 회화 핵심패턴 233 (본책 + 예문 듣기 MP3 파일 무료 다운로드 + 음성 강의 무료 다운로드 + 정답 및 훈련용 소책자) ㅣ 영어회화 핵심패턴 233 시리즈  ,15，000,백선엽
952., 실전 투자강의 ㅣ 코스톨라니 투자총서 3 ,12，000,앙드레 코스톨라니
953., 밑바닥부터 시작하는 딥러닝 ㅣ 밑바닥부터 시작하는 딥러닝 1 ,24，000,사이토 고키
954., 초등학생이 좋아하는 동화책 200 ,18，500,이시내
955., 포켓몬 가라르도감 ,15，000,카에데 타쿠마
956., 지정학의 힘 ,18，000,김동기
957., 정재승의 인류 탐험 보고서 4 ㅣ 어린이를 위한 호모 사피엔스 뇌과학  ,15，800,정재승， 차유진
958., 평생 부자로 사는 주식투자 ,16，800,남석관
959., 네가 마지막으로 남긴 노래 ,14，000,이치조 미사키
960., 오픽노잼 투 ,25，000,오픽노잼
961., 러버즈 하이 2 ,6，000,안자이 카린
962., 2023 신용한 행정학 - 전2권 ,49，000,신용한， SK100수험연구소
963., 2023 김건호 헌법 최근 3개년 기출.예상 헌법판례 ,12，000,김건호
964., 까만 연필의 정체 ㅣ 난 책읽기가 좋아  ,11，000,길상효
965., 포지셔닝 (40주년 기념 스페셜 에디션)  ,15，000,잭 트라우트， 알 리스
966., 2023 오늘을 채우는 일력 ,21，000,임진아
967., 보테로 가족의 사랑 약국 ,15，000,이선영
968., 2023 공무원 최빈출 VOCA 3000+ (기본 어휘 1500) ,24，000,이동기
969., 2023 권규호 공무원 국어 개기문 : 문학 ㅣ 2023 권규호 공무원 국어  ,23，000,권규호
970., 2022 해커스공무원 국어 비문학 독해 333 Vol. 3 (7/9급 전 직렬 / 군무원) ㅣ 2022 해커스공무원 국어 비문학 독해 333 3 ,13，000,해커스 공무원시험연구소
971., 정령환상기 20 ,8，000,키타야마 유리
972., 광개토태왕 담덕 1 ,16，000,엄광용
973., 어떤 과학의 초전자포 17 ,5，500,카마치 카즈마
974., 한밤중의 두근두근 고서점담 ,6，000,tacocasi
975., 금색의 갓슈!! 완전판 16 ,13，000,라이쿠 마코토
976., 자소서 바이블 2.0 ,19，800,면접왕 이형
977., 이기적 SQL 개발자 이론서 + 기출문제 ,24，000,임호진， 박종범， 임준혁
978., 비즈니스의 미래 ,16，000,야마구치 슈
979., 에일리언 현상학， 혹은 사물의 경험은 어떠한 것인가 ㅣ 카이로스 총서 86 ,18，000,이언 보고스트
980., 포켓몬 처음 수학 100일의 기적 ,15，000,넥서스수학교육연구소
981., 생각이 많아 우울한 걸까， 우울해서 생각이 많은 걸까? ,15，000,피아 칼리슨
982., 거울을 든 아이 ㅣ 곰곰그림책  ,14，000,안나 회그룬드
983., 부서진 우울의 말들 ,14，000,에바 메이어르
984., 나의 행복한 결혼 3 ,10，000,아기토기 아쿠미
985., 보부아르의 말 ㅣ 마음산책의 '말' 시리즈  ,16，000,시몬 드 보부아르， 알리스 슈바르처
986., 왜 자본주의는 경제 위기에 빠지는가? ,15，000,크리스 하먼
987., 진홍이 아니라 분홍 ㅣ 고학년 책장  ,13，000,정현혜
988., 여학교의 별 1 ,8，500,와야마 야마
989., 쇼코의 미소  ,12，000,최은영
990., ETS 토익 정기시험 기출문제집 1000 Vol.1 Listening ㅣ ETS 토익 정기시험 기출문제집  ,17，800,ETS
991., 세금 내는 아이들 ㅣ 아이들 시리즈  ,14，000,옥효진
992., 이상한 변호사 우영우 1 ,19，800,문지원
993., 나의 아저씨 1~2 세트 - 전2권 ㅣ 인생드라마 작품집 시리즈  ,49，600,박해영
994., 이파라파냐무냐무 ㅣ 사계절 그림책   ,15，000,이지은
995., 아내를 모자로 착각한 남자  ,18，500,올리버 색스
996., 20일 만에 끝내는 해커스 토익 750+ RC (리딩) ㅣ 20일 만에 끝내는 해커스 토익  ,14，900,David Cho
997., 잘 그리기 금지  ,16，500,사이토 나오키
998., 우울할 땐 뇌 과학 ,17，000,앨릭스 코브
999., 우리는 언제나 다시 만나 ㅣ 스콜라 창작 그림책 7  ,12，000,윤여림
1000., 해커스 토플 리딩 (Hackers TOEFL Reading) ㅣ 해커스 토플  ,23，900,David Cho
